{"filter":false,"title":"config-serkan.json","tooltip":"/config-serkan.json","undoManager":{"mark":0,"position":0,"stack":[[{"start":{"row":0,"column":0},"end":{"row":82,"column":1},"action":"insert","lines":["{","\t\"info\": {","\t\t\"name\": \"Smartface Demo\",","\t\t\"company\": \"Smartface User\",","\t\t\"webSite\": \"http://www.smartface.io\",","\t\t\"version\": \"1.0.0\",","\t\t\"description\": \"\"","\t},","\t\"config\": {","\t\t\"cache\": {","\t\t\t\"size\": 50","\t\t},","\t\t\"debug\": {","\t\t\t\"logs\": false","\t\t},","\t\t\"orientation\": {","\t\t\t\"portrait\": true,","\t\t\t\"upsideDown\": false,","\t\t\t\"landscapeLeft\": false,","\t\t\t\"landscapeRight\": false","\t\t}","\t},","\t\"api\": {","\t\t\"facebook\": {","\t\t\t\"appUID\": \"\",","\t\t\t\"appSecret\": \"\"","\t\t},","\t\t\"twitter\": {","\t\t\t\"consumerKey\": \"\",","\t\t\t\"consumerSecret\": \"\"","\t\t},","\t\t\"googleMaps\": {","\t\t\t\"androidKey\": \"01u81e3cP5lidl1HRJ55hoBH0N5_Kmlvku4EIYg\",","\t\t\t\"iOSKey\": \"\"","\t\t},","\t\t\"adMob\": {","\t\t\t\"publisherId\": \"\"","\t\t},","\t\t\"googleCloudMessaging\": {","\t\t\t\"senderID\": \"\"","\t\t},","\t\t\"googlePlayServices\": {","\t\t\t\"inAppPurchaseProductKey\": \"\"","\t\t}","\t},","\t\"build\": {","\t\t\"input\": {","\t\t\t\"iOS\": {","\t\t\t\t\"scripts\": \"scripts\",","\t\t\t\t\"images\": \"images/iOS\",","\t\t\t\t\"assets\": \"assets\",","\t\t\t\t\"infoPlist\": \"builds/iOS/Info.plist\",","\t\t\t\t\"urlIdentifier\": \"\",","\t\t\t\t\"urlSchemes\": \"\",","\t\t\t\t\"plugins\": [\"admob\"]","\t\t\t},","\t\t\t\"android\": {","\t\t\t\t\"scripts\": \"scripts\",","\t\t\t\t\"images\": \"images/android\",","\t\t\t\t\"assets\": \"assets\",","\t\t\t\t\"manifest\": \"builds/android/AndroidManifest.xml\",","\t\t\t\t\"packageProfiles\": \"builds/android/PackageProfiles.xml\",","\t\t\t\t\"sign\": {","\t\t\t\t\t\"keystoreFile\": \"builds/android/smfdefault.keystore\",","\t\t\t\t\t\"keystorePass\": \"smartface\",","\t\t\t\t\t\"aliasName\": \"smartface\",","\t\t\t\t\t\"keyPass\": \"smartface\"","\t\t\t\t},","\t\t\t\t\"plugins\": [\"parse\"]","\t\t\t}","\t\t},","\t\t\"output\": {","\t\t\t\"iOS\": {","\t\t\t\t\"outputFolder\": \"builds/iOS/output\"","\t\t\t},","\t\t\t\"android\": {","\t\t\t\t\"outputFolder\": \"builds/android/output\"","\t\t\t}","\t\t},","\t\t\"tempFolder\": \"builds/.tmp\"","\t}","","}"],"id":1}]]},"ace":{"folds":[],"scrolltop":0,"scrollleft":0,"selection":{"start":{"row":82,"column":1},"end":{"row":82,"column":1},"isBackwards":false},"options":{"guessTabSize":true,"useWrapMode":false,"wrapToView":true},"firstLineState":0},"timestamp":1436345573000,"hash":"f6a39c30b82bf39008c8af86c89849cc3f1cf53e"}