<?xml version="1.0" encoding="utf-8"?>
<packageProfiles>
	<profile Name="Default" >
		<android>
			<folder name="android/drawable-normal-mdpi" />
			<folder name="android/drawable" />
			<folder name="android/drawable-mdpi" />
			<folder name="android/drawable-hdpi" />
			<folder name="android/drawable-xhdpi" />
			<folder name="android/drawable-xxhdpi" />				
			<!--  Uncomment this block for adding necessary information to android manifest
			<compatible-screens>
				<screen android:screenSize="normal" android:screenDensity="mdpi" />
			</compatible-screens>
			<supports-screens 
				android:smallScreens="false" 
				android:normalScreens="true"
				android:largeScreens="false"
				android:xlargeScreens="false"
				/>
			-->
		</android>
	</profile>
	<profile Name="test 1" ></profile>
	<profile Name="test 2" ></profile>
	<profile Name="test 3" ></profile>
</packageProfiles>
